"","S","D","ssd","CLlower90","CLupper90","CLlower95","CLupper95"
"1",42.2895467160037,-0.305022080723015,0.835758443786261,-1.3748226400284,1.3748226400284,-1.63808654982107,1.63808654982107
